Año;Numero de Mes;Mes;Destino;Volumen Exportado (kg);Valor FOB (USD);Precio FOB por kg (USD)
2011;1;Enero;Chile;425.136;$ 765.245;$ 1,80
2011;1;Enero;Lebanon;141.712;$ 255.082;$ 1,80
2011;1;Enero;Others;283.424;$ 510.163;$ 1,80
2011;1;Enero;Spain;141.712;$ 255.082;$ 1,80
2011;1;Enero;Syria;1.700.544;$ 3.060.979;$ 1,80
2011;1;Enero;USA;141.712;$ 255.082;$ 1,80
2011;2;Febrero;Chile;478.278;$ 860.900;$ 1,80
2011;2;Febrero;Lebanon;159.426;$ 286.967;$ 1,80
2011;2;Febrero;Others;318.852;$ 573.934;$ 1,80
2011;2;Febrero;Spain;159.426;$ 286.967;$ 1,80
2011;2;Febrero;Syria;1.913.112;$ 3.443.602;$ 1,80
2011;2;Febrero;USA;159.426;$ 286.967;$ 1,80
2011;3;Marzo;Chile;478.278;$ 860.900;$ 1,80
2011;3;Marzo;Lebanon;159.426;$ 286.967;$ 1,80
2011;3;Marzo;Others;318.852;$ 573.934;$ 1,80
2011;3;Marzo;Spain;159.426;$ 286.967;$ 1,80
2011;3;Marzo;Syria;1.913.112;$ 3.443.602;$ 1,80
2011;3;Marzo;USA;159.426;$ 286.967;$ 1,80
2011;4;Abril;Chile;425.136;$ 765.245;$ 1,80
2011;4;Abril;Lebanon;141.712;$ 255.082;$ 1,80
2011;4;Abril;Others;283.424;$ 510.163;$ 1,80
2011;4;Abril;Spain;141.712;$ 255.082;$ 1,80
2011;4;Abril;Syria;1.700.544;$ 3.060.979;$ 1,80
2011;4;Abril;USA;141.712;$ 255.082;$ 1,80
2011;5;Mayo;Chile;478.278;$ 860.900;$ 1,80
2011;5;Mayo;Lebanon;159.426;$ 286.967;$ 1,80
2011;5;Mayo;Others;318.852;$ 573.934;$ 1,80
2011;5;Mayo;Spain;159.426;$ 286.967;$ 1,80
2011;5;Mayo;Syria;1.913.112;$ 3.443.602;$ 1,80
2011;5;Mayo;USA;159.426;$ 286.967;$ 1,80
2011;6;Junio;Chile;425.136;$ 765.245;$ 1,80
2011;6;Junio;Lebanon;141.712;$ 255.082;$ 1,80
2011;6;Junio;Others;283.424;$ 510.163;$ 1,80
2011;6;Junio;Spain;141.712;$ 255.082;$ 1,80
2011;6;Junio;Syria;1.700.544;$ 3.060.979;$ 1,80
2011;6;Junio;USA;141.712;$ 255.082;$ 1,80
2011;7;Julio;Chile;425.136;$ 765.245;$ 1,80
2011;7;Julio;Lebanon;141.712;$ 255.082;$ 1,80
2011;7;Julio;Others;283.424;$ 510.163;$ 1,80
2011;7;Julio;Spain;141.712;$ 255.082;$ 1,80
2011;7;Julio;Syria;1.700.544;$ 3.060.979;$ 1,80
2011;7;Julio;USA;141.712;$ 255.082;$ 1,80
2011;8;Agosto;Chile;478.278;$ 860.900;$ 1,80
2011;8;Agosto;Lebanon;159.426;$ 286.967;$ 1,80
2011;8;Agosto;Others;318.852;$ 573.934;$ 1,80
2011;8;Agosto;Spain;159.426;$ 286.967;$ 1,80
2011;8;Agosto;Syria;1.913.112;$ 3.443.602;$ 1,80
2011;8;Agosto;USA;159.426;$ 286.967;$ 1,80
2011;9;Septiembre;Chile;425.136;$ 765.245;$ 1,80
2011;9;Septiembre;Lebanon;141.712;$ 255.082;$ 1,80
2011;9;Septiembre;Others;283.424;$ 510.163;$ 1,80
2011;9;Septiembre;Spain;141.712;$ 255.082;$ 1,80
2011;9;Septiembre;Syria;1.700.544;$ 3.060.979;$ 1,80
2011;9;Septiembre;USA;141.712;$ 255.082;$ 1,80
2011;10;Octubre;Chile;371.994;$ 669.589;$ 1,80
2011;10;Octubre;Lebanon;123.998;$ 223.196;$ 1,80
2011;10;Octubre;Others;247.996;$ 446.393;$ 1,80
2011;10;Octubre;Spain;123.998;$ 223.196;$ 1,80
2011;10;Octubre;Syria;1.487.976;$ 2.678.357;$ 1,80
2011;10;Octubre;USA;123.998;$ 223.196;$ 1,80
2011;11;Noviembre;Chile;478.278;$ 860.900;$ 1,80
2011;11;Noviembre;Lebanon;159.426;$ 286.967;$ 1,80
2011;11;Noviembre;Others;318.852;$ 573.934;$ 1,80
2011;11;Noviembre;Spain;159.426;$ 286.967;$ 1,80
2011;11;Noviembre;Syria;1.913.112;$ 3.443.602;$ 1,80
2011;11;Noviembre;USA;159.426;$ 286.967;$ 1,80
2011;12;Diciembre;Chile;425.136;$ 765.245;$ 1,80
2011;12;Diciembre;Lebanon;141.712;$ 255.082;$ 1,80
2011;12;Diciembre;Others;283.424;$ 510.163;$ 1,80
2011;12;Diciembre;Spain;141.712;$ 255.082;$ 1,80
2011;12;Diciembre;Syria;1.700.544;$ 3.060.979;$ 1,80
2011;12;Diciembre;USA;141.712;$ 255.082;$ 1,80
2012;1;Enero;Chile;378.862;$ 719.839;$ 1,90
2012;1;Enero;Lebanon;162.370;$ 308.502;$ 1,90
2012;1;Enero;Others;189.431;$ 359.919;$ 1,90
2012;1;Enero;Spain;135.308;$ 257.085;$ 1,90
2012;1;Enero;Syria;1.704.881;$ 3.239.274;$ 1,90
2012;1;Enero;USA;135.308;$ 257.085;$ 1,90
2012;2;Febrero;Chile;426.220;$ 809.818;$ 1,90
2012;2;Febrero;Lebanon;182.666;$ 347.065;$ 1,90
2012;2;Febrero;Others;213.110;$ 404.909;$ 1,90
2012;2;Febrero;Spain;152.222;$ 289.221;$ 1,90
2012;2;Febrero;Syria;1.917.991;$ 3.644.183;$ 1,90
2012;2;Febrero;USA;152.222;$ 289.221;$ 1,90
2012;3;Marzo;Chile;426.220;$ 809.818;$ 1,90
2012;3;Marzo;Lebanon;182.666;$ 347.065;$ 1,90
2012;3;Marzo;Others;213.110;$ 404.909;$ 1,90
2012;3;Marzo;Spain;152.222;$ 289.221;$ 1,90
2012;3;Marzo;Syria;1.917.991;$ 3.644.183;$ 1,90
2012;3;Marzo;USA;152.222;$ 289.221;$ 1,90
2012;4;Abril;Chile;378.862;$ 719.839;$ 1,90
2012;4;Abril;Lebanon;162.370;$ 308.502;$ 1,90
2012;4;Abril;Others;189.431;$ 359.919;$ 1,90
2012;4;Abril;Spain;135.308;$ 257.085;$ 1,90
2012;4;Abril;Syria;1.704.881;$ 3.239.274;$ 1,90
2012;4;Abril;USA;135.308;$ 257.085;$ 1,90
2012;5;Mayo;Chile;426.220;$ 809.818;$ 1,90
2012;5;Mayo;Lebanon;182.666;$ 347.065;$ 1,90
2012;5;Mayo;Others;213.110;$ 404.909;$ 1,90
2012;5;Mayo;Spain;152.222;$ 289.221;$ 1,90
2012;5;Mayo;Syria;1.917.991;$ 3.644.183;$ 1,90
2012;5;Mayo;USA;152.222;$ 289.221;$ 1,90
2012;6;Junio;Chile;378.862;$ 719.839;$ 1,90
2012;6;Junio;Lebanon;162.370;$ 308.502;$ 1,90
2012;6;Junio;Others;189.431;$ 359.919;$ 1,90
2012;6;Junio;Spain;135.308;$ 257.085;$ 1,90
2012;6;Junio;Syria;1.704.881;$ 3.239.274;$ 1,90
2012;6;Junio;USA;135.308;$ 257.085;$ 1,90
2012;7;Julio;Chile;378.862;$ 719.839;$ 1,90
2012;7;Julio;Lebanon;162.370;$ 308.502;$ 1,90
2012;7;Julio;Others;189.431;$ 359.919;$ 1,90
2012;7;Julio;Spain;135.308;$ 257.085;$ 1,90
2012;7;Julio;Syria;1.704.881;$ 3.239.274;$ 1,90
2012;7;Julio;USA;135.308;$ 257.085;$ 1,90
2012;8;Agosto;Chile;426.220;$ 809.818;$ 1,90
2012;8;Agosto;Lebanon;182.666;$ 347.065;$ 1,90
2012;8;Agosto;Others;213.110;$ 404.909;$ 1,90
2012;8;Agosto;Spain;152.222;$ 289.221;$ 1,90
2012;8;Agosto;Syria;1.917.991;$ 3.644.183;$ 1,90
2012;8;Agosto;USA;152.222;$ 289.221;$ 1,90
2012;9;Septiembre;Chile;378.862;$ 719.839;$ 1,90
2012;9;Septiembre;Lebanon;162.370;$ 308.502;$ 1,90
2012;9;Septiembre;Others;189.431;$ 359.919;$ 1,90
2012;9;Septiembre;Spain;135.308;$ 257.085;$ 1,90
2012;9;Septiembre;Syria;1.704.881;$ 3.239.274;$ 1,90
2012;9;Septiembre;USA;135.308;$ 257.085;$ 1,90
2012;10;Octubre;Chile;331.505;$ 629.859;$ 1,90
2012;10;Octubre;Lebanon;142.073;$ 269.939;$ 1,90
2012;10;Octubre;Others;165.752;$ 314.929;$ 1,90
2012;10;Octubre;Spain;118.395;$ 224.950;$ 1,90
2012;10;Octubre;Syria;1.491.771;$ 2.834.364;$ 1,90
2012;10;Octubre;USA;118.395;$ 224.950;$ 1,90
2012;11;Noviembre;Chile;426.220;$ 809.818;$ 1,90
2012;11;Noviembre;Lebanon;182.666;$ 347.065;$ 1,90
2012;11;Noviembre;Others;213.110;$ 404.909;$ 1,90
2012;11;Noviembre;Spain;152.222;$ 289.221;$ 1,90
2012;11;Noviembre;Syria;1.917.991;$ 3.644.183;$ 1,90
2012;11;Noviembre;USA;152.222;$ 289.221;$ 1,90
2012;12;Diciembre;Chile;378.862;$ 719.839;$ 1,90
2012;12;Diciembre;Lebanon;162.370;$ 308.502;$ 1,90
2012;12;Diciembre;Others;189.431;$ 359.919;$ 1,90
2012;12;Diciembre;Spain;135.308;$ 257.085;$ 1,90
2012;12;Diciembre;Syria;1.704.881;$ 3.239.274;$ 1,90
2012;12;Diciembre;USA;135.308;$ 257.085;$ 1,90
2013;1;Enero;Chile;391.395;$ 782.790;$ 2,00
2013;1;Enero;Lebanon;139.784;$ 279.568;$ 2,00
2013;1;Enero;Others;139.784;$ 279.568;$ 2,00
2013;1;Enero;Spain;139.784;$ 279.568;$ 2,00
2013;1;Enero;Syria;1.873.106;$ 3.746.211;$ 2,00
2013;1;Enero;USA;111.827;$ 223.654;$ 2,00
2013;2;Febrero;Chile;440.320;$ 880.639;$ 2,00
2013;2;Febrero;Lebanon;157.257;$ 314.514;$ 2,00
2013;2;Febrero;Others;157.257;$ 314.514;$ 2,00
2013;2;Febrero;Spain;157.257;$ 314.514;$ 2,00
2013;2;Febrero;Syria;2.107.244;$ 4.214.488;$ 2,00
2013;2;Febrero;USA;125.806;$ 251.611;$ 2,00
2013;3;Marzo;Chile;440.320;$ 880.639;$ 2,00
2013;3;Marzo;Lebanon;157.257;$ 314.514;$ 2,00
2013;3;Marzo;Others;157.257;$ 314.514;$ 2,00
2013;3;Marzo;Spain;157.257;$ 314.514;$ 2,00
2013;3;Marzo;Syria;2.107.244;$ 4.214.488;$ 2,00
2013;3;Marzo;USA;125.806;$ 251.611;$ 2,00
2013;4;Abril;Chile;391.395;$ 782.790;$ 2,00
2013;4;Abril;Lebanon;139.784;$ 279.568;$ 2,00
2013;4;Abril;Others;139.784;$ 279.568;$ 2,00
2013;4;Abril;Spain;139.784;$ 279.568;$ 2,00
2013;4;Abril;Syria;1.873.106;$ 3.746.211;$ 2,00
2013;4;Abril;USA;111.827;$ 223.654;$ 2,00
2013;5;Mayo;Chile;440.320;$ 880.639;$ 2,00
2013;5;Mayo;Lebanon;157.257;$ 314.514;$ 2,00
2013;5;Mayo;Others;157.257;$ 314.514;$ 2,00
2013;5;Mayo;Spain;157.257;$ 314.514;$ 2,00
2013;5;Mayo;Syria;2.107.244;$ 4.214.488;$ 2,00
2013;5;Mayo;USA;125.806;$ 251.611;$ 2,00
2013;6;Junio;Chile;391.395;$ 782.790;$ 2,00
2013;6;Junio;Lebanon;139.784;$ 279.568;$ 2,00
2013;6;Junio;Others;139.784;$ 279.568;$ 2,00
2013;6;Junio;Spain;139.784;$ 279.568;$ 2,00
2013;6;Junio;Syria;1.873.106;$ 3.746.211;$ 2,00
2013;6;Junio;USA;111.827;$ 223.654;$ 2,00
2013;7;Julio;Chile;391.395;$ 782.790;$ 2,00
2013;7;Julio;Lebanon;139.784;$ 279.568;$ 2,00
2013;7;Julio;Others;139.784;$ 279.568;$ 2,00
2013;7;Julio;Spain;139.784;$ 279.568;$ 2,00
2013;7;Julio;Syria;1.873.106;$ 3.746.211;$ 2,00
2013;7;Julio;USA;111.827;$ 223.654;$ 2,00
2013;8;Agosto;Chile;440.320;$ 880.639;$ 2,00
2013;8;Agosto;Lebanon;157.257;$ 314.514;$ 2,00
2013;8;Agosto;Others;157.257;$ 314.514;$ 2,00
2013;8;Agosto;Spain;157.257;$ 314.514;$ 2,00
2013;8;Agosto;Syria;2.107.244;$ 4.214.488;$ 2,00
2013;8;Agosto;USA;125.806;$ 251.611;$ 2,00
2013;9;Septiembre;Chile;391.395;$ 782.790;$ 2,00
2013;9;Septiembre;Lebanon;139.784;$ 279.568;$ 2,00
2013;9;Septiembre;Others;139.784;$ 279.568;$ 2,00
2013;9;Septiembre;Spain;139.784;$ 279.568;$ 2,00
2013;9;Septiembre;Syria;1.873.106;$ 3.746.211;$ 2,00
2013;9;Septiembre;USA;111.827;$ 223.654;$ 2,00
2013;10;Octubre;Chile;342.471;$ 684.942;$ 2,00
2013;10;Octubre;Lebanon;122.311;$ 244.622;$ 2,00
2013;10;Octubre;Others;122.311;$ 244.622;$ 2,00
2013;10;Octubre;Spain;122.311;$ 244.622;$ 2,00
2013;10;Octubre;Syria;1.638.967;$ 3.277.935;$ 2,00
2013;10;Octubre;USA;97.849;$ 195.698;$ 2,00
2013;11;Noviembre;Chile;440.320;$ 880.639;$ 2,00
2013;11;Noviembre;Lebanon;157.257;$ 314.514;$ 2,00
2013;11;Noviembre;Others;157.257;$ 314.514;$ 2,00
2013;11;Noviembre;Spain;157.257;$ 314.514;$ 2,00
2013;11;Noviembre;Syria;2.107.244;$ 4.214.488;$ 2,00
2013;11;Noviembre;USA;125.806;$ 251.611;$ 2,00
2013;12;Diciembre;Chile;391.395;$ 782.790;$ 2,00
2013;12;Diciembre;Lebanon;139.784;$ 279.568;$ 2,00
2013;12;Diciembre;Others;139.784;$ 279.568;$ 2,00
2013;12;Diciembre;Spain;139.784;$ 279.568;$ 2,00
2013;12;Diciembre;Syria;1.873.106;$ 3.746.211;$ 2,00
2013;12;Diciembre;USA;111.827;$ 223.654;$ 2,00
2014;1;Enero;Chile;395.172;$ 790.344;$ 2,00
2014;1;Enero;Lebanon;105.379;$ 210.758;$ 2,00
2014;1;Enero;Others;79.034;$ 158.069;$ 2,00
2014;1;Enero;Spain;131.724;$ 263.448;$ 2,00
2014;1;Enero;Syria;1.844.136;$ 3.688.272;$ 2,00
2014;1;Enero;USA;79.034;$ 158.069;$ 2,00
2014;2;Febrero;Chile;444.569;$ 889.137;$ 2,00
2014;2;Febrero;Lebanon;118.552;$ 237.103;$ 2,00
2014;2;Febrero;Others;88.914;$ 177.827;$ 2,00
2014;2;Febrero;Spain;148.190;$ 296.379;$ 2,00
2014;2;Febrero;Syria;2.074.653;$ 4.149.306;$ 2,00
2014;2;Febrero;USA;88.914;$ 177.827;$ 2,00
2014;3;Marzo;Chile;444.569;$ 889.137;$ 2,00
2014;3;Marzo;Lebanon;118.552;$ 237.103;$ 2,00
2014;3;Marzo;Others;88.914;$ 177.827;$ 2,00
2014;3;Marzo;Spain;148.190;$ 296.379;$ 2,00
2014;3;Marzo;Syria;2.074.653;$ 4.149.306;$ 2,00
2014;3;Marzo;USA;88.914;$ 177.827;$ 2,00
2014;4;Abril;Chile;395.172;$ 790.344;$ 2,00
2014;4;Abril;Lebanon;105.379;$ 210.758;$ 2,00
2014;4;Abril;Others;79.034;$ 158.069;$ 2,00
2014;4;Abril;Spain;131.724;$ 263.448;$ 2,00
2014;4;Abril;Syria;1.844.136;$ 3.688.272;$ 2,00
2014;4;Abril;USA;79.034;$ 158.069;$ 2,00
2014;5;Mayo;Chile;444.569;$ 889.137;$ 2,00
2014;5;Mayo;Lebanon;118.552;$ 237.103;$ 2,00
2014;5;Mayo;Others;88.914;$ 177.827;$ 2,00
2014;5;Mayo;Spain;148.190;$ 296.379;$ 2,00
2014;5;Mayo;Syria;2.074.653;$ 4.149.306;$ 2,00
2014;5;Mayo;USA;88.914;$ 177.827;$ 2,00
2014;6;Junio;Chile;395.172;$ 790.344;$ 2,00
2014;6;Junio;Lebanon;105.379;$ 210.758;$ 2,00
2014;6;Junio;Others;79.034;$ 158.069;$ 2,00
2014;6;Junio;Spain;131.724;$ 263.448;$ 2,00
2014;6;Junio;Syria;1.844.136;$ 3.688.272;$ 2,00
2014;6;Junio;USA;79.034;$ 158.069;$ 2,00
2014;7;Julio;Chile;395.172;$ 790.344;$ 2,00
2014;7;Julio;Lebanon;105.379;$ 210.758;$ 2,00
2014;7;Julio;Others;79.034;$ 158.069;$ 2,00
2014;7;Julio;Spain;131.724;$ 263.448;$ 2,00
2014;7;Julio;Syria;1.844.136;$ 3.688.272;$ 2,00
2014;7;Julio;USA;79.034;$ 158.069;$ 2,00
2014;8;Agosto;Chile;444.569;$ 889.137;$ 2,00
2014;8;Agosto;Lebanon;118.552;$ 237.103;$ 2,00
2014;8;Agosto;Others;88.914;$ 177.827;$ 2,00
2014;8;Agosto;Spain;148.190;$ 296.379;$ 2,00
2014;8;Agosto;Syria;2.074.653;$ 4.149.306;$ 2,00
2014;8;Agosto;USA;88.914;$ 177.827;$ 2,00
2014;9;Septiembre;Chile;395.172;$ 790.344;$ 2,00
2014;9;Septiembre;Lebanon;105.379;$ 210.758;$ 2,00
2014;9;Septiembre;Others;79.034;$ 158.069;$ 2,00
2014;9;Septiembre;Spain;131.724;$ 263.448;$ 2,00
2014;9;Septiembre;Syria;1.844.136;$ 3.688.272;$ 2,00
2014;9;Septiembre;USA;79.034;$ 158.069;$ 2,00
2014;10;Octubre;Chile;345.776;$ 691.551;$ 2,00
2014;10;Octubre;Lebanon;92.207;$ 184.414;$ 2,00
2014;10;Octubre;Others;69.155;$ 138.310;$ 2,00
2014;10;Octubre;Spain;115.259;$ 230.517;$ 2,00
2014;10;Octubre;Syria;1.613.619;$ 3.227.238;$ 2,00
2014;10;Octubre;USA;69.155;$ 138.310;$ 2,00
2014;11;Noviembre;Chile;444.569;$ 889.137;$ 2,00
2014;11;Noviembre;Lebanon;118.552;$ 237.103;$ 2,00
2014;11;Noviembre;Others;88.914;$ 177.827;$ 2,00
2014;11;Noviembre;Spain;148.190;$ 296.379;$ 2,00
2014;11;Noviembre;Syria;2.074.653;$ 4.149.306;$ 2,00
2014;11;Noviembre;USA;88.914;$ 177.827;$ 2,00
2014;12;Diciembre;Chile;395.172;$ 790.344;$ 2,00
2014;12;Diciembre;Lebanon;105.379;$ 210.758;$ 2,00
2014;12;Diciembre;Others;79.034;$ 158.069;$ 2,00
2014;12;Diciembre;Spain;131.724;$ 263.448;$ 2,00
2014;12;Diciembre;Syria;1.844.136;$ 3.688.272;$ 2,00
2014;12;Diciembre;USA;79.034;$ 158.069;$ 2,00
2015;1;Enero;Chile;428.496;$ 899.842;$ 2,10
2015;1;Enero;Lebanon;85.699;$ 179.968;$ 2,10
2015;1;Enero;Others;57.133;$ 119.979;$ 2,10
2015;1;Enero;Spain;142.832;$ 299.947;$ 2,10
2015;1;Enero;Syria;2.056.781;$ 4.319.240;$ 2,10
2015;1;Enero;USA;85.699;$ 179.968;$ 2,10
2015;2;Febrero;Chile;482.058;$ 1.012.322;$ 2,10
2015;2;Febrero;Lebanon;96.412;$ 202.464;$ 2,10
2015;2;Febrero;Others;64.274;$ 134.976;$ 2,10
2015;2;Febrero;Spain;160.686;$ 337.441;$ 2,10
2015;2;Febrero;Syria;2.313.878;$ 4.859.145;$ 2,10
2015;2;Febrero;USA;96.412;$ 202.464;$ 2,10
2015;3;Marzo;Chile;482.058;$ 1.012.322;$ 2,10
2015;3;Marzo;Lebanon;96.412;$ 202.464;$ 2,10
2015;3;Marzo;Others;64.274;$ 134.976;$ 2,10
2015;3;Marzo;Spain;160.686;$ 337.441;$ 2,10
2015;3;Marzo;Syria;2.313.878;$ 4.859.145;$ 2,10
2015;3;Marzo;USA;96.412;$ 202.464;$ 2,10
2015;4;Abril;Chile;428.496;$ 899.842;$ 2,10
2015;4;Abril;Lebanon;85.699;$ 179.968;$ 2,10
2015;4;Abril;Others;57.133;$ 119.979;$ 2,10
2015;4;Abril;Spain;142.832;$ 299.947;$ 2,10
2015;4;Abril;Syria;2.056.781;$ 4.319.240;$ 2,10
2015;4;Abril;USA;85.699;$ 179.968;$ 2,10
2015;5;Mayo;Chile;482.058;$ 1.012.322;$ 2,10
2015;5;Mayo;Lebanon;96.412;$ 202.464;$ 2,10
2015;5;Mayo;Others;64.274;$ 134.976;$ 2,10
2015;5;Mayo;Spain;160.686;$ 337.441;$ 2,10
2015;5;Mayo;Syria;2.313.878;$ 4.859.145;$ 2,10
2015;5;Mayo;USA;96.412;$ 202.464;$ 2,10
2015;6;Junio;Chile;428.496;$ 899.842;$ 2,10
2015;6;Junio;Lebanon;85.699;$ 179.968;$ 2,10
2015;6;Junio;Others;57.133;$ 119.979;$ 2,10
2015;6;Junio;Spain;142.832;$ 299.947;$ 2,10
2015;6;Junio;Syria;2.056.781;$ 4.319.240;$ 2,10
2015;6;Junio;USA;85.699;$ 179.968;$ 2,10
2015;7;Julio;Chile;428.496;$ 899.842;$ 2,10
2015;7;Julio;Lebanon;85.699;$ 179.968;$ 2,10
2015;7;Julio;Others;57.133;$ 119.979;$ 2,10
2015;7;Julio;Spain;142.832;$ 299.947;$ 2,10
2015;7;Julio;Syria;2.056.781;$ 4.319.240;$ 2,10
2015;7;Julio;USA;85.699;$ 179.968;$ 2,10
2015;8;Agosto;Chile;482.058;$ 1.012.322;$ 2,10
2015;8;Agosto;Lebanon;96.412;$ 202.464;$ 2,10
2015;8;Agosto;Others;64.274;$ 134.976;$ 2,10
2015;8;Agosto;Spain;160.686;$ 337.441;$ 2,10
2015;8;Agosto;Syria;2.313.878;$ 4.859.145;$ 2,10
2015;8;Agosto;USA;96.412;$ 202.464;$ 2,10
2015;9;Septiembre;Chile;428.496;$ 899.842;$ 2,10
2015;9;Septiembre;Lebanon;85.699;$ 179.968;$ 2,10
2015;9;Septiembre;Others;57.133;$ 119.979;$ 2,10
2015;9;Septiembre;Spain;142.832;$ 299.947;$ 2,10
2015;9;Septiembre;Syria;2.056.781;$ 4.319.240;$ 2,10
2015;9;Septiembre;USA;85.699;$ 179.968;$ 2,10
2015;10;Octubre;Chile;374.934;$ 787.361;$ 2,10
2015;10;Octubre;Lebanon;74.987;$ 157.472;$ 2,10
2015;10;Octubre;Others;49.991;$ 104.982;$ 2,10
2015;10;Octubre;Spain;124.978;$ 262.454;$ 2,10
2015;10;Octubre;Syria;1.799.683;$ 3.779.335;$ 2,10
2015;10;Octubre;USA;74.987;$ 157.472;$ 2,10
2015;11;Noviembre;Chile;482.058;$ 1.012.322;$ 2,10
2015;11;Noviembre;Lebanon;96.412;$ 202.464;$ 2,10
2015;11;Noviembre;Others;64.274;$ 134.976;$ 2,10
2015;11;Noviembre;Spain;160.686;$ 337.441;$ 2,10
2015;11;Noviembre;Syria;2.313.878;$ 4.859.145;$ 2,10
2015;11;Noviembre;USA;96.412;$ 202.464;$ 2,10
2015;12;Diciembre;Chile;428.496;$ 899.842;$ 2,10
2015;12;Diciembre;Lebanon;85.699;$ 179.968;$ 2,10
2015;12;Diciembre;Others;57.133;$ 119.979;$ 2,10
2015;12;Diciembre;Spain;142.832;$ 299.947;$ 2,10
2015;12;Diciembre;Syria;2.056.781;$ 4.319.240;$ 2,10
2015;12;Diciembre;USA;85.699;$ 179.968;$ 2,10
2016;1;Enero;Chile;312.211;$ 655.644;$ 2,10
2016;1;Enero;Lebanon;66.902;$ 140.495;$ 2,10
2016;1;Enero;Others;22.301;$ 46.832;$ 2,10
2016;1;Enero;Spain;111.504;$ 234.158;$ 2,10
2016;1;Enero;Syria;1.650.259;$ 3.465.544;$ 2,10
2016;1;Enero;USA;66.902;$ 140.495;$ 2,10
2016;2;Febrero;Chile;351.238;$ 737.599;$ 2,10
2016;2;Febrero;Lebanon;75.265;$ 158.057;$ 2,10
2016;2;Febrero;Others;25.088;$ 52.686;$ 2,10
2016;2;Febrero;Spain;125.442;$ 263.428;$ 2,10
2016;2;Febrero;Syria;1.856.542;$ 3.898.737;$ 2,10
2016;2;Febrero;USA;75.265;$ 158.057;$ 2,10
2016;3;Marzo;Chile;351.238;$ 737.599;$ 2,10
2016;3;Marzo;Lebanon;75.265;$ 158.057;$ 2,10
2016;3;Marzo;Others;25.088;$ 52.686;$ 2,10
2016;3;Marzo;Spain;125.442;$ 263.428;$ 2,10
2016;3;Marzo;Syria;1.856.542;$ 3.898.737;$ 2,10
2016;3;Marzo;USA;75.265;$ 158.057;$ 2,10
2016;4;Abril;Chile;312.211;$ 655.644;$ 2,10
2016;4;Abril;Lebanon;66.902;$ 140.495;$ 2,10
2016;4;Abril;Others;22.301;$ 46.832;$ 2,10
2016;4;Abril;Spain;111.504;$ 234.158;$ 2,10
2016;4;Abril;Syria;1.650.259;$ 3.465.544;$ 2,10
2016;4;Abril;USA;66.902;$ 140.495;$ 2,10
2016;5;Mayo;Chile;351.238;$ 737.599;$ 2,10
2016;5;Mayo;Lebanon;75.265;$ 158.057;$ 2,10
2016;5;Mayo;Others;25.088;$ 52.686;$ 2,10
2016;5;Mayo;Spain;125.442;$ 263.428;$ 2,10
2016;5;Mayo;Syria;1.856.542;$ 3.898.737;$ 2,10
2016;5;Mayo;USA;75.265;$ 158.057;$ 2,10
2016;6;Junio;Chile;312.211;$ 655.644;$ 2,10
2016;6;Junio;Lebanon;66.902;$ 140.495;$ 2,10
2016;6;Junio;Others;22.301;$ 46.832;$ 2,10
2016;6;Junio;Spain;111.504;$ 234.158;$ 2,10
2016;6;Junio;Syria;1.650.259;$ 3.465.544;$ 2,10
2016;6;Junio;USA;66.902;$ 140.495;$ 2,10
2016;7;Julio;Chile;312.211;$ 655.644;$ 2,10
2016;7;Julio;Lebanon;66.902;$ 140.495;$ 2,10
2016;7;Julio;Others;22.301;$ 46.832;$ 2,10
2016;7;Julio;Spain;111.504;$ 234.158;$ 2,10
2016;7;Julio;Syria;1.650.259;$ 3.465.544;$ 2,10
2016;7;Julio;USA;66.902;$ 140.495;$ 2,10
2016;8;Agosto;Chile;351.238;$ 737.599;$ 2,10
2016;8;Agosto;Lebanon;75.265;$ 158.057;$ 2,10
2016;8;Agosto;Others;25.088;$ 52.686;$ 2,10
2016;8;Agosto;Spain;125.442;$ 263.428;$ 2,10
2016;8;Agosto;Syria;1.856.542;$ 3.898.737;$ 2,10
2016;8;Agosto;USA;75.265;$ 158.057;$ 2,10
2016;9;Septiembre;Chile;312.211;$ 655.644;$ 2,10
2016;9;Septiembre;Lebanon;66.902;$ 140.495;$ 2,10
2016;9;Septiembre;Others;22.301;$ 46.832;$ 2,10
2016;9;Septiembre;Spain;111.504;$ 234.158;$ 2,10
2016;9;Septiembre;Syria;1.650.259;$ 3.465.544;$ 2,10
2016;9;Septiembre;USA;66.902;$ 140.495;$ 2,10
2016;10;Octubre;Chile;273.185;$ 573.688;$ 2,10
2016;10;Octubre;Lebanon;58.540;$ 122.933;$ 2,10
2016;10;Octubre;Others;19.513;$ 40.978;$ 2,10
2016;10;Octubre;Spain;97.566;$ 204.889;$ 2,10
2016;10;Octubre;Syria;1.443.977;$ 3.032.351;$ 2,10
2016;10;Octubre;USA;58.540;$ 122.933;$ 2,10
2016;11;Noviembre;Chile;351.238;$ 737.599;$ 2,10
2016;11;Noviembre;Lebanon;75.265;$ 158.057;$ 2,10
2016;11;Noviembre;Others;25.088;$ 52.686;$ 2,10
2016;11;Noviembre;Spain;125.442;$ 263.428;$ 2,10
2016;11;Noviembre;Syria;1.856.542;$ 3.898.737;$ 2,10
2016;11;Noviembre;USA;75.265;$ 158.057;$ 2,10
2016;12;Diciembre;Chile;312.211;$ 655.644;$ 2,10
2016;12;Diciembre;Lebanon;66.902;$ 140.495;$ 2,10
2016;12;Diciembre;Others;22.301;$ 46.832;$ 2,10
2016;12;Diciembre;Spain;111.504;$ 234.158;$ 2,10
2016;12;Diciembre;Syria;1.650.259;$ 3.465.544;$ 2,10
2016;12;Diciembre;USA;66.902;$ 140.495;$ 2,10
2017;1;Enero;Chile;347.760;$ 765.072;$ 2,20
2017;1;Enero;Lebanon;74.520;$ 163.944;$ 2,20
2017;1;Enero;Others;49.680;$ 109.296;$ 2,20
2017;1;Enero;Spain;124.200;$ 273.240;$ 2,20
2017;1;Enero;Syria;1.813.320;$ 3.989.304;$ 2,20
2017;1;Enero;USA;74.520;$ 163.944;$ 2,20
2017;2;Febrero;Chile;391.230;$ 860.706;$ 2,20
2017;2;Febrero;Lebanon;83.835;$ 184.437;$ 2,20
2017;2;Febrero;Others;55.890;$ 122.958;$ 2,20
2017;2;Febrero;Spain;139.725;$ 307.395;$ 2,20
2017;2;Febrero;Syria;2.039.985;$ 4.487.967;$ 2,20
2017;2;Febrero;USA;83.835;$ 184.437;$ 2,20
2017;3;Marzo;Chile;391.230;$ 860.706;$ 2,20
2017;3;Marzo;Lebanon;83.835;$ 184.437;$ 2,20
2017;3;Marzo;Others;55.890;$ 122.958;$ 2,20
2017;3;Marzo;Spain;139.725;$ 307.395;$ 2,20
2017;3;Marzo;Syria;2.039.985;$ 4.487.967;$ 2,20
2017;3;Marzo;USA;83.835;$ 184.437;$ 2,20
2017;4;Abril;Chile;347.760;$ 765.072;$ 2,20
2017;4;Abril;Lebanon;74.520;$ 163.944;$ 2,20
2017;4;Abril;Others;49.680;$ 109.296;$ 2,20
2017;4;Abril;Spain;124.200;$ 273.240;$ 2,20
2017;4;Abril;Syria;1.813.320;$ 3.989.304;$ 2,20
2017;4;Abril;USA;74.520;$ 163.944;$ 2,20
2017;5;Mayo;Chile;391.230;$ 860.706;$ 2,20
2017;5;Mayo;Lebanon;83.835;$ 184.437;$ 2,20
2017;5;Mayo;Others;55.890;$ 122.958;$ 2,20
2017;5;Mayo;Spain;139.725;$ 307.395;$ 2,20
2017;5;Mayo;Syria;2.039.985;$ 4.487.967;$ 2,20
2017;5;Mayo;USA;83.835;$ 184.437;$ 2,20
2017;6;Junio;Chile;347.760;$ 765.072;$ 2,20
2017;6;Junio;Lebanon;74.520;$ 163.944;$ 2,20
2017;6;Junio;Others;49.680;$ 109.296;$ 2,20
2017;6;Junio;Spain;124.200;$ 273.240;$ 2,20
2017;6;Junio;Syria;1.813.320;$ 3.989.304;$ 2,20
2017;6;Junio;USA;74.520;$ 163.944;$ 2,20
2017;7;Julio;Chile;347.760;$ 765.072;$ 2,20
2017;7;Julio;Lebanon;74.520;$ 163.944;$ 2,20
2017;7;Julio;Others;49.680;$ 109.296;$ 2,20
2017;7;Julio;Spain;124.200;$ 273.240;$ 2,20
2017;7;Julio;Syria;1.813.320;$ 3.989.304;$ 2,20
2017;7;Julio;USA;74.520;$ 163.944;$ 2,20
2017;8;Agosto;Chile;391.230;$ 860.706;$ 2,20
2017;8;Agosto;Lebanon;83.835;$ 184.437;$ 2,20
2017;8;Agosto;Others;55.890;$ 122.958;$ 2,20
2017;8;Agosto;Spain;139.725;$ 307.395;$ 2,20
2017;8;Agosto;Syria;2.039.985;$ 4.487.967;$ 2,20
2017;8;Agosto;USA;83.835;$ 184.437;$ 2,20
2017;9;Septiembre;Chile;347.760;$ 765.072;$ 2,20
2017;9;Septiembre;Lebanon;74.520;$ 163.944;$ 2,20
2017;9;Septiembre;Others;49.680;$ 109.296;$ 2,20
2017;9;Septiembre;Spain;124.200;$ 273.240;$ 2,20
2017;9;Septiembre;Syria;1.813.320;$ 3.989.304;$ 2,20
2017;9;Septiembre;USA;74.520;$ 163.944;$ 2,20
2017;10;Octubre;Chile;304.290;$ 669.438;$ 2,20
2017;10;Octubre;Lebanon;65.205;$ 143.451;$ 2,20
2017;10;Octubre;Others;43.470;$ 95.634;$ 2,20
2017;10;Octubre;Spain;108.675;$ 239.085;$ 2,20
2017;10;Octubre;Syria;1.586.655;$ 3.490.641;$ 2,20
2017;10;Octubre;USA;65.205;$ 143.451;$ 2,20
2017;11;Noviembre;Chile;391.230;$ 860.706;$ 2,20
2017;11;Noviembre;Lebanon;83.835;$ 184.437;$ 2,20
2017;11;Noviembre;Others;55.890;$ 122.958;$ 2,20
2017;11;Noviembre;Spain;139.725;$ 307.395;$ 2,20
2017;11;Noviembre;Syria;2.039.985;$ 4.487.967;$ 2,20
2017;11;Noviembre;USA;83.835;$ 184.437;$ 2,20
2017;12;Diciembre;Chile;347.760;$ 765.072;$ 2,20
2017;12;Diciembre;Lebanon;74.520;$ 163.944;$ 2,20
2017;12;Diciembre;Others;49.680;$ 109.296;$ 2,20
2017;12;Diciembre;Spain;124.200;$ 273.240;$ 2,20
2017;12;Diciembre;Syria;1.813.320;$ 3.989.304;$ 2,20
2017;12;Diciembre;USA;74.520;$ 163.944;$ 2,20
2018;1;Enero;Chile;459.626;$ 1.011.176;$ 2,20
2018;1;Enero;Lebanon;131.322;$ 288.908;$ 2,20
2018;1;Enero;Others;98.491;$ 216.681;$ 2,20
2018;1;Enero;Spain;164.152;$ 361.134;$ 2,20
2018;1;Enero;Syria;2.298.128;$ 5.055.882;$ 2,20
2018;1;Enero;USA;131.322;$ 288.908;$ 2,20
2018;2;Febrero;Chile;517.079;$ 1.137.573;$ 2,20
2018;2;Febrero;Lebanon;147.737;$ 325.021;$ 2,20
2018;2;Febrero;Others;110.803;$ 243.766;$ 2,20
2018;2;Febrero;Spain;184.671;$ 406.276;$ 2,20
2018;2;Febrero;Syria;2.585.394;$ 5.687.867;$ 2,20
2018;2;Febrero;USA;147.737;$ 325.021;$ 2,20
2018;3;Marzo;Chile;517.079;$ 1.137.573;$ 2,20
2018;3;Marzo;Lebanon;147.737;$ 325.021;$ 2,20
2018;3;Marzo;Others;110.803;$ 243.766;$ 2,20
2018;3;Marzo;Spain;184.671;$ 406.276;$ 2,20
2018;3;Marzo;Syria;2.585.394;$ 5.687.867;$ 2,20
2018;3;Marzo;USA;147.737;$ 325.021;$ 2,20
2018;4;Abril;Chile;459.626;$ 1.011.176;$ 2,20
2018;4;Abril;Lebanon;131.322;$ 288.908;$ 2,20
2018;4;Abril;Others;98.491;$ 216.681;$ 2,20
2018;4;Abril;Spain;164.152;$ 361.134;$ 2,20
2018;4;Abril;Syria;2.298.128;$ 5.055.882;$ 2,20
2018;4;Abril;USA;131.322;$ 288.908;$ 2,20
2018;5;Mayo;Chile;517.079;$ 1.137.573;$ 2,20
2018;5;Mayo;Lebanon;147.737;$ 325.021;$ 2,20
2018;5;Mayo;Others;110.803;$ 243.766;$ 2,20
2018;5;Mayo;Spain;184.671;$ 406.276;$ 2,20
2018;5;Mayo;Syria;2.585.394;$ 5.687.867;$ 2,20
2018;5;Mayo;USA;147.737;$ 325.021;$ 2,20
2018;6;Junio;Chile;459.626;$ 1.011.176;$ 2,20
2018;6;Junio;Lebanon;131.322;$ 288.908;$ 2,20
2018;6;Junio;Others;98.491;$ 216.681;$ 2,20
2018;6;Junio;Spain;164.152;$ 361.134;$ 2,20
2018;6;Junio;Syria;2.298.128;$ 5.055.882;$ 2,20
2018;6;Junio;USA;131.322;$ 288.908;$ 2,20
2018;7;Julio;Chile;459.626;$ 1.011.176;$ 2,20
2018;7;Julio;Lebanon;131.322;$ 288.908;$ 2,20
2018;7;Julio;Others;98.491;$ 216.681;$ 2,20
2018;7;Julio;Spain;164.152;$ 361.134;$ 2,20
2018;7;Julio;Syria;2.298.128;$ 5.055.882;$ 2,20
2018;7;Julio;USA;131.322;$ 288.908;$ 2,20
2018;8;Agosto;Chile;517.079;$ 1.137.573;$ 2,20
2018;8;Agosto;Lebanon;147.737;$ 325.021;$ 2,20
2018;8;Agosto;Others;110.803;$ 243.766;$ 2,20
2018;8;Agosto;Spain;184.671;$ 406.276;$ 2,20
2018;8;Agosto;Syria;2.585.394;$ 5.687.867;$ 2,20
2018;8;Agosto;USA;147.737;$ 325.021;$ 2,20
2018;9;Septiembre;Chile;459.626;$ 1.011.176;$ 2,20
2018;9;Septiembre;Lebanon;131.322;$ 288.908;$ 2,20
2018;9;Septiembre;Others;98.491;$ 216.681;$ 2,20
2018;9;Septiembre;Spain;164.152;$ 361.134;$ 2,20
2018;9;Septiembre;Syria;2.298.128;$ 5.055.882;$ 2,20
2018;9;Septiembre;USA;131.322;$ 288.908;$ 2,20
2018;10;Octubre;Chile;402.172;$ 884.779;$ 2,20
2018;10;Octubre;Lebanon;114.906;$ 252.794;$ 2,20
2018;10;Octubre;Others;86.180;$ 189.596;$ 2,20
2018;10;Octubre;Spain;143.633;$ 315.993;$ 2,20
2018;10;Octubre;Syria;2.010.862;$ 4.423.896;$ 2,20
2018;10;Octubre;USA;114.906;$ 252.794;$ 2,20
2018;11;Noviembre;Chile;517.079;$ 1.137.573;$ 2,20
2018;11;Noviembre;Lebanon;147.737;$ 325.021;$ 2,20
2018;11;Noviembre;Others;110.803;$ 243.766;$ 2,20
2018;11;Noviembre;Spain;184.671;$ 406.276;$ 2,20
2018;11;Noviembre;Syria;2.585.394;$ 5.687.867;$ 2,20
2018;11;Noviembre;USA;147.737;$ 325.021;$ 2,20
2018;12;Diciembre;Chile;459.626;$ 1.011.176;$ 2,20
2018;12;Diciembre;Lebanon;131.322;$ 288.908;$ 2,20
2018;12;Diciembre;Others;98.491;$ 216.681;$ 2,20
2018;12;Diciembre;Spain;164.152;$ 361.134;$ 2,20
2018;12;Diciembre;Syria;2.298.128;$ 5.055.882;$ 2,20
2018;12;Diciembre;USA;131.322;$ 288.908;$ 2,20
2019;1;Enero;Chile;350.540;$ 806.241;$ 2,30
2019;1;Enero;Lebanon;95.602;$ 219.884;$ 2,30
2019;1;Enero;Others;31.867;$ 73.295;$ 2,30
2019;1;Enero;Spain;159.336;$ 366.473;$ 2,30
2019;1;Enero;Syria;2.517.513;$ 5.790.279;$ 2,30
2019;1;Enero;USA;31.867;$ 73.295;$ 2,30
2019;2;Febrero;Chile;394.357;$ 907.022;$ 2,30
2019;2;Febrero;Lebanon;107.552;$ 247.370;$ 2,30
2019;2;Febrero;Others;35.851;$ 82.457;$ 2,30
2019;2;Febrero;Spain;179.253;$ 412.283;$ 2,30
2019;2;Febrero;Syria;2.832.202;$ 6.514.065;$ 2,30
2019;2;Febrero;USA;35.851;$ 82.457;$ 2,30
2019;3;Marzo;Chile;394.357;$ 907.022;$ 2,30
2019;3;Marzo;Lebanon;107.552;$ 247.370;$ 2,30
2019;3;Marzo;Others;35.851;$ 82.457;$ 2,30
2019;3;Marzo;Spain;179.253;$ 412.283;$ 2,30
2019;3;Marzo;Syria;2.832.202;$ 6.514.065;$ 2,30
2019;3;Marzo;USA;35.851;$ 82.457;$ 2,30
2019;4;Abril;Chile;350.540;$ 806.241;$ 2,30
2019;4;Abril;Lebanon;95.602;$ 219.884;$ 2,30
2019;4;Abril;Others;31.867;$ 73.295;$ 2,30
2019;4;Abril;Spain;159.336;$ 366.473;$ 2,30
2019;4;Abril;Syria;2.517.513;$ 5.790.279;$ 2,30
2019;4;Abril;USA;31.867;$ 73.295;$ 2,30
2019;5;Mayo;Chile;394.357;$ 907.022;$ 2,30
2019;5;Mayo;Lebanon;107.552;$ 247.370;$ 2,30
2019;5;Mayo;Others;35.851;$ 82.457;$ 2,30
2019;5;Mayo;Spain;179.253;$ 412.283;$ 2,30
2019;5;Mayo;Syria;2.832.202;$ 6.514.065;$ 2,30
2019;5;Mayo;USA;35.851;$ 82.457;$ 2,30
2019;6;Junio;Chile;350.540;$ 806.241;$ 2,30
2019;6;Junio;Lebanon;95.602;$ 219.884;$ 2,30
2019;6;Junio;Others;31.867;$ 73.295;$ 2,30
2019;6;Junio;Spain;159.336;$ 366.473;$ 2,30
2019;6;Junio;Syria;2.517.513;$ 5.790.279;$ 2,30
2019;6;Junio;USA;31.867;$ 73.295;$ 2,30
2019;7;Julio;Chile;350.540;$ 806.241;$ 2,30
2019;7;Julio;Lebanon;95.602;$ 219.884;$ 2,30
2019;7;Julio;Others;31.867;$ 73.295;$ 2,30
2019;7;Julio;Spain;159.336;$ 366.473;$ 2,30
2019;7;Julio;Syria;2.517.513;$ 5.790.279;$ 2,30
2019;7;Julio;USA;31.867;$ 73.295;$ 2,30
2019;8;Agosto;Chile;394.357;$ 907.022;$ 2,30
2019;8;Agosto;Lebanon;107.552;$ 247.370;$ 2,30
2019;8;Agosto;Others;35.851;$ 82.457;$ 2,30
2019;8;Agosto;Spain;179.253;$ 412.283;$ 2,30
2019;8;Agosto;Syria;2.832.202;$ 6.514.065;$ 2,30
2019;8;Agosto;USA;35.851;$ 82.457;$ 2,30
2019;9;Septiembre;Chile;350.540;$ 806.241;$ 2,30
2019;9;Septiembre;Lebanon;95.602;$ 219.884;$ 2,30
2019;9;Septiembre;Others;31.867;$ 73.295;$ 2,30
2019;9;Septiembre;Spain;159.336;$ 366.473;$ 2,30
2019;9;Septiembre;Syria;2.517.513;$ 5.790.279;$ 2,30
2019;9;Septiembre;USA;31.867;$ 73.295;$ 2,30
2019;10;Octubre;Chile;306.722;$ 705.461;$ 2,30
2019;10;Octubre;Lebanon;83.652;$ 192.399;$ 2,30
2019;10;Octubre;Others;27.884;$ 64.133;$ 2,30
2019;10;Octubre;Spain;139.419;$ 320.664;$ 2,30
2019;10;Octubre;Syria;2.202.823;$ 5.066.494;$ 2,30
2019;10;Octubre;USA;27.884;$ 64.133;$ 2,30
2019;11;Noviembre;Chile;394.357;$ 907.022;$ 2,30
2019;11;Noviembre;Lebanon;107.552;$ 247.370;$ 2,30
2019;11;Noviembre;Others;35.851;$ 82.457;$ 2,30
2019;11;Noviembre;Spain;179.253;$ 412.283;$ 2,30
2019;11;Noviembre;Syria;2.832.202;$ 6.514.065;$ 2,30
2019;11;Noviembre;USA;35.851;$ 82.457;$ 2,30
2019;12;Diciembre;Chile;350.540;$ 806.241;$ 2,30
2019;12;Diciembre;Lebanon;95.602;$ 219.884;$ 2,30
2019;12;Diciembre;Others;31.867;$ 73.295;$ 2,30
2019;12;Diciembre;Spain;159.336;$ 366.473;$ 2,30
2019;12;Diciembre;Syria;2.517.513;$ 5.790.279;$ 2,30
2019;12;Diciembre;USA;31.867;$ 73.295;$ 2,30
2020;1;Enero;Chile;480.536;$ 1.105.233;$ 2,30
2020;1;Enero;Lebanon;68.648;$ 157.890;$ 2,30
2020;1;Enero;Others;34.324;$ 78.945;$ 2,30
2020;1;Enero;Spain;171.620;$ 394.726;$ 2,30
2020;1;Enero;Syria;2.574.300;$ 5.920.890;$ 2,30
2020;1;Enero;USA;102.972;$ 236.836;$ 2,30
2020;2;Febrero;Chile;540.603;$ 1.243.387;$ 2,30
2020;2;Febrero;Lebanon;77.229;$ 177.627;$ 2,30
2020;2;Febrero;Others;38.615;$ 88.813;$ 2,30
2020;2;Febrero;Spain;193.073;$ 444.067;$ 2,30
2020;2;Febrero;Syria;2.896.088;$ 6.661.001;$ 2,30
2020;2;Febrero;USA;115.844;$ 266.440;$ 2,30
2020;3;Marzo;Chile;540.603;$ 1.243.387;$ 2,30
2020;3;Marzo;Lebanon;77.229;$ 177.627;$ 2,30
2020;3;Marzo;Others;38.615;$ 88.813;$ 2,30
2020;3;Marzo;Spain;193.073;$ 444.067;$ 2,30
2020;3;Marzo;Syria;2.896.088;$ 6.661.001;$ 2,30
2020;3;Marzo;USA;115.844;$ 266.440;$ 2,30
2020;4;Abril;Chile;480.536;$ 1.105.233;$ 2,30
2020;4;Abril;Lebanon;68.648;$ 157.890;$ 2,30
2020;4;Abril;Others;34.324;$ 78.945;$ 2,30
2020;4;Abril;Spain;171.620;$ 394.726;$ 2,30
2020;4;Abril;Syria;2.574.300;$ 5.920.890;$ 2,30
2020;4;Abril;USA;102.972;$ 236.836;$ 2,30
2020;5;Mayo;Chile;540.603;$ 1.243.387;$ 2,30
2020;5;Mayo;Lebanon;77.229;$ 177.627;$ 2,30
2020;5;Mayo;Others;38.615;$ 88.813;$ 2,30
2020;5;Mayo;Spain;193.073;$ 444.067;$ 2,30
2020;5;Mayo;Syria;2.896.088;$ 6.661.001;$ 2,30
2020;5;Mayo;USA;115.844;$ 266.440;$ 2,30
2020;6;Junio;Chile;480.536;$ 1.105.233;$ 2,30
2020;6;Junio;Lebanon;68.648;$ 157.890;$ 2,30
2020;6;Junio;Others;34.324;$ 78.945;$ 2,30
2020;6;Junio;Spain;171.620;$ 394.726;$ 2,30
2020;6;Junio;Syria;2.574.300;$ 5.920.890;$ 2,30
2020;6;Junio;USA;102.972;$ 236.836;$ 2,30
2020;7;Julio;Chile;480.536;$ 1.105.233;$ 2,30
2020;7;Julio;Lebanon;68.648;$ 157.890;$ 2,30
2020;7;Julio;Others;34.324;$ 78.945;$ 2,30
2020;7;Julio;Spain;171.620;$ 394.726;$ 2,30
2020;7;Julio;Syria;2.574.300;$ 5.920.890;$ 2,30
2020;7;Julio;USA;102.972;$ 236.836;$ 2,30
2020;8;Agosto;Chile;540.603;$ 1.243.387;$ 2,30
2020;8;Agosto;Lebanon;77.229;$ 177.627;$ 2,30
2020;8;Agosto;Others;38.615;$ 88.813;$ 2,30
2020;8;Agosto;Spain;193.073;$ 444.067;$ 2,30
2020;8;Agosto;Syria;2.896.088;$ 6.661.001;$ 2,30
2020;8;Agosto;USA;115.844;$ 266.440;$ 2,30
2020;9;Septiembre;Chile;480.536;$ 1.105.233;$ 2,30
2020;9;Septiembre;Lebanon;68.648;$ 157.890;$ 2,30
2020;9;Septiembre;Others;34.324;$ 78.945;$ 2,30
2020;9;Septiembre;Spain;171.620;$ 394.726;$ 2,30
2020;9;Septiembre;Syria;2.574.300;$ 5.920.890;$ 2,30
2020;9;Septiembre;USA;102.972;$ 236.836;$ 2,30
2020;10;Octubre;Chile;420.469;$ 967.079;$ 2,30
2020;10;Octubre;Lebanon;60.067;$ 138.154;$ 2,30
2020;10;Octubre;Others;30.034;$ 69.077;$ 2,30
2020;10;Octubre;Spain;150.168;$ 345.385;$ 2,30
2020;10;Octubre;Syria;2.252.513;$ 5.180.779;$ 2,30
2020;10;Octubre;USA;90.101;$ 207.231;$ 2,30
2020;11;Noviembre;Chile;540.603;$ 1.243.387;$ 2,30
2020;11;Noviembre;Lebanon;77.229;$ 177.627;$ 2,30
2020;11;Noviembre;Others;38.615;$ 88.813;$ 2,30
2020;11;Noviembre;Spain;193.073;$ 444.067;$ 2,30
2020;11;Noviembre;Syria;2.896.088;$ 6.661.001;$ 2,30
2020;11;Noviembre;USA;115.844;$ 266.440;$ 2,30
2020;12;Diciembre;Chile;480.536;$ 1.105.233;$ 2,30
2020;12;Diciembre;Lebanon;68.648;$ 157.890;$ 2,30
2020;12;Diciembre;Others;34.324;$ 78.945;$ 2,30
2020;12;Diciembre;Spain;171.620;$ 394.726;$ 2,30
2020;12;Diciembre;Syria;2.574.300;$ 5.920.890;$ 2,30
2020;12;Diciembre;USA;102.972;$ 236.836;$ 2,30
2021;1;Enero;Chile;397.701;$ 914.712;$ 2,30
2021;1;Enero;Lebanon;85.222;$ 196.010;$ 2,30
2021;1;Enero;Others;56.814;$ 130.673;$ 2,30
2021;1;Enero;Spain;142.036;$ 326.683;$ 2,30
2021;1;Enero;Syria;2.045.318;$ 4.704.232;$ 2,30
2021;1;Enero;USA;113.629;$ 261.346;$ 2,30
2021;2;Febrero;Chile;447.413;$ 1.029.051;$ 2,30
2021;2;Febrero;Lebanon;95.874;$ 220.511;$ 2,30
2021;2;Febrero;Others;63.916;$ 147.007;$ 2,30
2021;2;Febrero;Spain;159.791;$ 367.518;$ 2,30
2021;2;Febrero;Syria;2.300.983;$ 5.292.261;$ 2,30
2021;2;Febrero;USA;127.832;$ 294.015;$ 2,30
2021;3;Marzo;Chile;447.413;$ 1.029.051;$ 2,30
2021;3;Marzo;Lebanon;95.874;$ 220.511;$ 2,30
2021;3;Marzo;Others;63.916;$ 147.007;$ 2,30
2021;3;Marzo;Spain;159.791;$ 367.518;$ 2,30
2021;3;Marzo;Syria;2.300.983;$ 5.292.261;$ 2,30
2021;3;Marzo;USA;127.832;$ 294.015;$ 2,30
2021;4;Abril;Chile;397.701;$ 914.712;$ 2,30
2021;4;Abril;Lebanon;85.222;$ 196.010;$ 2,30
2021;4;Abril;Others;56.814;$ 130.673;$ 2,30
2021;4;Abril;Spain;142.036;$ 326.683;$ 2,30
2021;4;Abril;Syria;2.045.318;$ 4.704.232;$ 2,30
2021;4;Abril;USA;113.629;$ 261.346;$ 2,30
2021;5;Mayo;Chile;447.413;$ 1.029.051;$ 2,30
2021;5;Mayo;Lebanon;95.874;$ 220.511;$ 2,30
2021;5;Mayo;Others;63.916;$ 147.007;$ 2,30
2021;5;Mayo;Spain;159.791;$ 367.518;$ 2,30
2021;5;Mayo;Syria;2.300.983;$ 5.292.261;$ 2,30
2021;5;Mayo;USA;127.832;$ 294.015;$ 2,30
2021;6;Junio;Chile;397.701;$ 914.712;$ 2,30
2021;6;Junio;Lebanon;85.222;$ 196.010;$ 2,30
2021;6;Junio;Others;56.814;$ 130.673;$ 2,30
2021;6;Junio;Spain;142.036;$ 326.683;$ 2,30
2021;6;Junio;Syria;2.045.318;$ 4.704.232;$ 2,30
2021;6;Junio;USA;113.629;$ 261.346;$ 2,30
2021;7;Julio;Chile;397.701;$ 914.712;$ 2,30
2021;7;Julio;Lebanon;85.222;$ 196.010;$ 2,30
2021;7;Julio;Others;56.814;$ 130.673;$ 2,30
2021;7;Julio;Spain;142.036;$ 326.683;$ 2,30
2021;7;Julio;Syria;2.045.318;$ 4.704.232;$ 2,30
2021;7;Julio;USA;113.629;$ 261.346;$ 2,30
2021;8;Agosto;Chile;447.413;$ 1.029.051;$ 2,30
2021;8;Agosto;Lebanon;95.874;$ 220.511;$ 2,30
2021;8;Agosto;Others;63.916;$ 147.007;$ 2,30
2021;8;Agosto;Spain;159.791;$ 367.518;$ 2,30
2021;8;Agosto;Syria;2.300.983;$ 5.292.261;$ 2,30
2021;8;Agosto;USA;127.832;$ 294.015;$ 2,30
2021;9;Septiembre;Chile;397.701;$ 914.712;$ 2,30
2021;9;Septiembre;Lebanon;85.222;$ 196.010;$ 2,30
2021;9;Septiembre;Others;56.814;$ 130.673;$ 2,30
2021;9;Septiembre;Spain;142.036;$ 326.683;$ 2,30
2021;9;Septiembre;Syria;2.045.318;$ 4.704.232;$ 2,30
2021;9;Septiembre;USA;113.629;$ 261.346;$ 2,30
2021;10;Octubre;Chile;347.988;$ 800.373;$ 2,30
2021;10;Octubre;Lebanon;74.569;$ 171.508;$ 2,30
2021;10;Octubre;Others;49.713;$ 114.339;$ 2,30
2021;10;Octubre;Spain;124.282;$ 285.847;$ 2,30
2021;10;Octubre;Syria;1.789.654;$ 4.116.203;$ 2,30
2021;10;Octubre;USA;99.425;$ 228.678;$ 2,30
2021;11;Noviembre;Chile;447.413;$ 1.029.051;$ 2,30
2021;11;Noviembre;Lebanon;95.874;$ 220.511;$ 2,30
2021;11;Noviembre;Others;63.916;$ 147.007;$ 2,30
2021;11;Noviembre;Spain;159.791;$ 367.518;$ 2,30
2021;11;Noviembre;Syria;2.300.983;$ 5.292.261;$ 2,30
2021;11;Noviembre;USA;127.832;$ 294.015;$ 2,30
2021;12;Diciembre;Chile;397.701;$ 914.712;$ 2,30
2021;12;Diciembre;Lebanon;85.222;$ 196.010;$ 2,30
2021;12;Diciembre;Others;56.814;$ 130.673;$ 2,30
2021;12;Diciembre;Spain;142.036;$ 326.683;$ 2,30
2021;12;Diciembre;Syria;2.045.318;$ 4.704.232;$ 2,30
2021;12;Diciembre;USA;113.629;$ 261.346;$ 2,30
2022;1;Enero;Chile;451.405;$ 993.091;$ 2,20
2022;1;Enero;Lebanon;64.486;$ 141.870;$ 2,20
2022;1;Enero;Others;58.038;$ 127.683;$ 2,20
2022;1;Enero;Spain;161.216;$ 354.675;$ 2,20
2022;1;Enero;Syria;2.392.445;$ 5.263.380;$ 2,20
2022;1;Enero;USA;96.730;$ 212.805;$ 2,20
2022;2;Febrero;Chile;507.831;$ 1.117.227;$ 2,20
2022;2;Febrero;Lebanon;72.547;$ 159.604;$ 2,20
2022;2;Febrero;Others;65.293;$ 143.644;$ 2,20
2022;2;Febrero;Spain;181.368;$ 399.010;$ 2,20
2022;2;Febrero;Syria;2.691.502;$ 5.921.304;$ 2,20
2022;2;Febrero;USA;108.821;$ 239.406;$ 2,20
2022;3;Marzo;Chile;507.831;$ 1.117.227;$ 2,20
2022;3;Marzo;Lebanon;72.547;$ 159.604;$ 2,20
2022;3;Marzo;Others;65.293;$ 143.644;$ 2,20
2022;3;Marzo;Spain;181.368;$ 399.010;$ 2,20
2022;3;Marzo;Syria;2.691.502;$ 5.921.304;$ 2,20
2022;3;Marzo;USA;108.821;$ 239.406;$ 2,20
2022;4;Abril;Chile;451.405;$ 993.091;$ 2,20
2022;4;Abril;Lebanon;64.486;$ 141.870;$ 2,20
2022;4;Abril;Others;58.038;$ 127.683;$ 2,20
2022;4;Abril;Spain;161.216;$ 354.675;$ 2,20
2022;4;Abril;Syria;2.392.445;$ 5.263.380;$ 2,20
2022;4;Abril;USA;96.730;$ 212.805;$ 2,20
2022;5;Mayo;Chile;507.831;$ 1.117.227;$ 2,20
2022;5;Mayo;Lebanon;72.547;$ 159.604;$ 2,20
2022;5;Mayo;Others;65.293;$ 143.644;$ 2,20
2022;5;Mayo;Spain;181.368;$ 399.010;$ 2,20
2022;5;Mayo;Syria;2.691.502;$ 5.921.304;$ 2,20
2022;5;Mayo;USA;108.821;$ 239.406;$ 2,20
2022;6;Junio;Chile;451.405;$ 993.091;$ 2,20
2022;6;Junio;Lebanon;64.486;$ 141.870;$ 2,20
2022;6;Junio;Others;58.038;$ 127.683;$ 2,20
2022;6;Junio;Spain;161.216;$ 354.675;$ 2,20
2022;6;Junio;Syria;2.392.445;$ 5.263.380;$ 2,20
2022;6;Junio;USA;96.730;$ 212.805;$ 2,20
2022;7;Julio;Chile;451.405;$ 993.091;$ 2,20
2022;7;Julio;Lebanon;64.486;$ 141.870;$ 2,20
2022;7;Julio;Others;58.038;$ 127.683;$ 2,20
2022;7;Julio;Spain;161.216;$ 354.675;$ 2,20
2022;7;Julio;Syria;2.392.445;$ 5.263.380;$ 2,20
2022;7;Julio;USA;96.730;$ 212.805;$ 2,20
2022;8;Agosto;Chile;507.831;$ 1.117.227;$ 2,20
2022;8;Agosto;Lebanon;72.547;$ 159.604;$ 2,20
2022;8;Agosto;Others;65.293;$ 143.644;$ 2,20
2022;8;Agosto;Spain;181.368;$ 399.010;$ 2,20
2022;8;Agosto;Syria;2.691.502;$ 5.921.304;$ 2,20
2022;8;Agosto;USA;108.821;$ 239.406;$ 2,20
2022;9;Septiembre;Chile;451.405;$ 993.091;$ 2,20
2022;9;Septiembre;Lebanon;64.486;$ 141.870;$ 2,20
2022;9;Septiembre;Others;58.038;$ 127.683;$ 2,20
2022;9;Septiembre;Spain;161.216;$ 354.675;$ 2,20
2022;9;Septiembre;Syria;2.392.445;$ 5.263.380;$ 2,20
2022;9;Septiembre;USA;96.730;$ 212.805;$ 2,20
2022;10;Octubre;Chile;394.979;$ 868.954;$ 2,20
2022;10;Octubre;Lebanon;56.426;$ 124.136;$ 2,20
2022;10;Octubre;Others;50.783;$ 111.723;$ 2,20
2022;10;Octubre;Spain;141.064;$ 310.341;$ 2,20
2022;10;Octubre;Syria;2.093.390;$ 4.605.457;$ 2,20
2022;10;Octubre;USA;84.638;$ 186.204;$ 2,20
2022;11;Noviembre;Chile;507.831;$ 1.117.227;$ 2,20
2022;11;Noviembre;Lebanon;72.547;$ 159.604;$ 2,20
2022;11;Noviembre;Others;65.293;$ 143.644;$ 2,20
2022;11;Noviembre;Spain;181.368;$ 399.010;$ 2,20
2022;11;Noviembre;Syria;2.691.502;$ 5.921.304;$ 2,20
2022;11;Noviembre;USA;108.821;$ 239.406;$ 2,20
2022;12;Diciembre;Chile;451.405;$ 993.091;$ 2,20
2022;12;Diciembre;Lebanon;64.486;$ 141.870;$ 2,20
2022;12;Diciembre;Others;58.038;$ 127.683;$ 2,20
2022;12;Diciembre;Spain;161.216;$ 354.675;$ 2,20
2022;12;Diciembre;Syria;2.392.445;$ 5.263.380;$ 2,20
2022;12;Diciembre;USA;96.730;$ 212.805;$ 2,20
2023;1;Enero;Chile;444.541;$ 1.111.354;$ 2,50
2023;1;Enero;Lebanon;127.012;$ 317.530;$ 2,50
2023;1;Enero;Others;88.908;$ 222.271;$ 2,50
2023;1;Enero;Spain;158.765;$ 396.912;$ 2,50
2023;1;Enero;Syria;2.260.811;$ 5.652.027;$ 2,50
2023;1;Enero;USA;95.259;$ 238.147;$ 2,50
2023;2;Febrero;Chile;500.109;$ 1.250.273;$ 2,50
2023;2;Febrero;Lebanon;142.888;$ 357.221;$ 2,50
2023;2;Febrero;Others;100.022;$ 250.055;$ 2,50
2023;2;Febrero;Spain;178.610;$ 446.526;$ 2,50
2023;2;Febrero;Syria;2.543.412;$ 6.358.530;$ 2,50
2023;2;Febrero;USA;107.166;$ 267.916;$ 2,50
2023;3;Marzo;Chile;500.109;$ 1.250.273;$ 2,50
2023;3;Marzo;Lebanon;142.888;$ 357.221;$ 2,50
2023;3;Marzo;Others;100.022;$ 250.055;$ 2,50
2023;3;Marzo;Spain;178.610;$ 446.526;$ 2,50
2023;3;Marzo;Syria;2.543.412;$ 6.358.530;$ 2,50
2023;3;Marzo;USA;107.166;$ 267.916;$ 2,50
2023;4;Abril;Chile;444.541;$ 1.111.354;$ 2,50
2023;4;Abril;Lebanon;127.012;$ 317.530;$ 2,50
2023;4;Abril;Others;88.908;$ 222.271;$ 2,50
2023;4;Abril;Spain;158.765;$ 396.912;$ 2,50
2023;4;Abril;Syria;2.260.811;$ 5.652.027;$ 2,50
2023;4;Abril;USA;95.259;$ 238.147;$ 2,50
2023;5;Mayo;Chile;500.109;$ 1.250.273;$ 2,50
2023;5;Mayo;Lebanon;142.888;$ 357.221;$ 2,50
2023;5;Mayo;Others;100.022;$ 250.055;$ 2,50
2023;5;Mayo;Spain;178.610;$ 446.526;$ 2,50
2023;5;Mayo;Syria;2.543.412;$ 6.358.530;$ 2,50
2023;5;Mayo;USA;107.166;$ 267.916;$ 2,50
2023;6;Junio;Chile;444.541;$ 1.111.354;$ 2,50
2023;6;Junio;Lebanon;127.012;$ 317.530;$ 2,50
2023;6;Junio;Others;88.908;$ 222.271;$ 2,50
2023;6;Junio;Spain;158.765;$ 396.912;$ 2,50
2023;6;Junio;Syria;2.260.811;$ 5.652.027;$ 2,50
2023;6;Junio;USA;95.259;$ 238.147;$ 2,50
2023;7;Julio;Chile;444.541;$ 1.111.354;$ 2,50
2023;7;Julio;Lebanon;127.012;$ 317.530;$ 2,50
2023;7;Julio;Others;88.908;$ 222.271;$ 2,50
2023;7;Julio;Spain;158.765;$ 396.912;$ 2,50
2023;7;Julio;Syria;2.260.811;$ 5.652.027;$ 2,50
2023;7;Julio;USA;95.259;$ 238.147;$ 2,50
2023;8;Agosto;Chile;500.109;$ 1.250.273;$ 2,50
2023;8;Agosto;Lebanon;142.888;$ 357.221;$ 2,50
2023;8;Agosto;Others;100.022;$ 250.055;$ 2,50
2023;8;Agosto;Spain;178.610;$ 446.526;$ 2,50
2023;8;Agosto;Syria;2.543.412;$ 6.358.530;$ 2,50
2023;8;Agosto;USA;107.166;$ 267.916;$ 2,50
2023;9;Septiembre;Chile;444.541;$ 1.111.354;$ 2,50
2023;9;Septiembre;Lebanon;127.012;$ 317.530;$ 2,50
2023;9;Septiembre;Others;88.908;$ 222.271;$ 2,50
2023;9;Septiembre;Spain;158.765;$ 396.912;$ 2,50
2023;9;Septiembre;Syria;2.260.811;$ 5.652.027;$ 2,50
2023;9;Septiembre;USA;95.259;$ 238.147;$ 2,50
2023;10;Octubre;Chile;388.974;$ 972.434;$ 2,50
2023;10;Octubre;Lebanon;111.135;$ 277.838;$ 2,50
2023;10;Octubre;Others;77.795;$ 194.487;$ 2,50
2023;10;Octubre;Spain;138.919;$ 347.298;$ 2,50
2023;10;Octubre;Syria;1.978.209;$ 4.945.524;$ 2,50
2023;10;Octubre;USA;83.352;$ 208.379;$ 2,50
2023;11;Noviembre;Chile;500.109;$ 1.250.273;$ 2,50
2023;11;Noviembre;Lebanon;142.888;$ 357.221;$ 2,50
2023;11;Noviembre;Others;100.022;$ 250.055;$ 2,50
2023;11;Noviembre;Spain;178.610;$ 446.526;$ 2,50
2023;11;Noviembre;Syria;2.543.412;$ 6.358.530;$ 2,50
2023;11;Noviembre;USA;107.166;$ 267.916;$ 2,50
2023;12;Diciembre;Chile;444.541;$ 1.111.354;$ 2,50
2023;12;Diciembre;Lebanon;127.012;$ 317.530;$ 2,50
2023;12;Diciembre;Others;88.908;$ 222.271;$ 2,50
2023;12;Diciembre;Spain;158.765;$ 396.912;$ 2,50
2023;12;Diciembre;Syria;2.260.811;$ 5.652.027;$ 2,50
2023;12;Diciembre;USA;95.259;$ 238.147;$ 2,50
2024;1;Enero;Chile;493.016;$ 1.094.496;$ 2,22
2024;1;Enero;Lebanon;35.215;$ 78.178;$ 2,22
2024;1;Enero;Others;0;$ 0;$ 2,22
2024;1;Enero;Spain;176.077;$ 390.892;$ 2,22
2024;1;Enero;Syria;2.746.805;$ 6.097.907;$ 2,22
2024;1;Enero;USA;70.431;$ 156.357;$ 2,22
2024;2;Febrero;Chile;554.643;$ 1.231.308;$ 2,22
2024;2;Febrero;Lebanon;39.617;$ 87.951;$ 2,22
2024;2;Febrero;Others;0;$ 0;$ 2,22
2024;2;Febrero;Spain;198.087;$ 439.753;$ 2,22
2024;2;Febrero;Syria;3.090.156;$ 6.860.146;$ 2,22
2024;2;Febrero;USA;79.235;$ 175.901;$ 2,22
2024;3;Marzo;Chile;554.643;$ 1.231.308;$ 2,22
2024;3;Marzo;Lebanon;39.617;$ 87.951;$ 2,22
2024;3;Marzo;Others;0;$ 0;$ 2,22
2024;3;Marzo;Spain;198.087;$ 439.753;$ 2,22
2024;3;Marzo;Syria;3.090.156;$ 6.860.146;$ 2,22
2024;3;Marzo;USA;79.235;$ 175.901;$ 2,22
2024;4;Abril;Chile;493.016;$ 1.094.496;$ 2,22
2024;4;Abril;Lebanon;35.215;$ 78.178;$ 2,22
2024;4;Abril;Others;0;$ 0;$ 2,22
2024;4;Abril;Spain;176.077;$ 390.892;$ 2,22
2024;4;Abril;Syria;2.746.805;$ 6.097.907;$ 2,22
2024;4;Abril;USA;70.431;$ 156.357;$ 2,22
2024;5;Mayo;Chile;554.643;$ 1.231.308;$ 2,22
2024;5;Mayo;Lebanon;39.617;$ 87.951;$ 2,22
2024;5;Mayo;Others;0;$ 0;$ 2,22
2024;5;Mayo;Spain;198.087;$ 439.753;$ 2,22
2024;5;Mayo;Syria;3.090.156;$ 6.860.146;$ 2,22
2024;5;Mayo;USA;79.235;$ 175.901;$ 2,22
2024;6;Junio;Chile;493.016;$ 1.094.496;$ 2,22
2024;6;Junio;Lebanon;35.215;$ 78.178;$ 2,22
2024;6;Junio;Others;0;$ 0;$ 2,22
2024;6;Junio;Spain;176.077;$ 390.892;$ 2,22
2024;6;Junio;Syria;2.746.805;$ 6.097.907;$ 2,22
2024;6;Junio;USA;70.431;$ 156.357;$ 2,22
2024;7;Julio;Chile;493.016;$ 1.094.496;$ 2,22
2024;7;Julio;Lebanon;35.215;$ 78.178;$ 2,22
2024;7;Julio;Others;0;$ 0;$ 2,22
2024;7;Julio;Spain;176.077;$ 390.892;$ 2,22
2024;7;Julio;Syria;2.746.805;$ 6.097.907;$ 2,22
2024;7;Julio;USA;70.431;$ 156.357;$ 2,22
2024;8;Agosto;Chile;554.643;$ 1.231.308;$ 2,22
2024;8;Agosto;Lebanon;39.617;$ 87.951;$ 2,22
2024;8;Agosto;Others;0;$ 0;$ 2,22
2024;8;Agosto;Spain;198.087;$ 439.753;$ 2,22
2024;8;Agosto;Syria;3.090.156;$ 6.860.146;$ 2,22
2024;8;Agosto;USA;79.235;$ 175.901;$ 2,22
2024;9;Septiembre;Chile;493.016;$ 1.094.496;$ 2,22
2024;9;Septiembre;Lebanon;35.215;$ 78.178;$ 2,22
2024;9;Septiembre;Others;0;$ 0;$ 2,22
2024;9;Septiembre;Spain;176.077;$ 390.892;$ 2,22
2024;9;Septiembre;Syria;2.746.805;$ 6.097.907;$ 2,22
2024;9;Septiembre;USA;70.431;$ 156.357;$ 2,22
2024;10;Octubre;Chile;431.389;$ 957.684;$ 2,22
2024;10;Octubre;Lebanon;30.814;$ 68.406;$ 2,22
2024;10;Octubre;Others;0;$ 0;$ 2,22
2024;10;Octubre;Spain;154.068;$ 342.030;$ 2,22
2024;10;Octubre;Syria;2.403.455;$ 5.335.669;$ 2,22
2024;10;Octubre;USA;61.627;$ 136.812;$ 2,22
2024;11;Noviembre;Chile;554.643;$ 1.231.308;$ 2,22
2024;11;Noviembre;Lebanon;39.617;$ 87.951;$ 2,22
2024;11;Noviembre;Others;0;$ 0;$ 2,22
2024;11;Noviembre;Spain;198.087;$ 439.753;$ 2,22
2024;11;Noviembre;Syria;3.090.156;$ 6.860.146;$ 2,22
2024;11;Noviembre;USA;79.235;$ 175.901;$ 2,22
2024;12;Diciembre;Chile;493.016;$ 1.094.496;$ 2,22
2024;12;Diciembre;Lebanon;35.215;$ 78.178;$ 2,22
2024;12;Diciembre;Others;0;$ 0;$ 2,22
2024;12;Diciembre;Spain;176.077;$ 390.892;$ 2,22
2024;12;Diciembre;Syria;2.746.805;$ 6.097.907;$ 2,22
2024;12;Diciembre;USA;70.431;$ 156.357;$ 2,22
2025;1;Enero;Chile;493.016;$ 1.133.937;$ 2,30
2025;1;Enero;Lebanon;35.215;$ 80.996;$ 2,30
2025;1;Enero;Others;0;$ 0;$ 2,30
2025;1;Enero;Spain;176.077;$ 404.978;$ 2,30
2025;1;Enero;Syria;2.746.805;$ 6.317.652;$ 2,30
2025;1;Enero;USA;70.431;$ 161.991;$ 2,30
2025;2;Febrero;Chile;554.643;$ 1.275.680;$ 2,30
2025;2;Febrero;Lebanon;39.617;$ 91.120;$ 2,30
2025;2;Febrero;Others;0;$ 0;$ 2,30
2025;2;Febrero;Spain;198.087;$ 455.600;$ 2,30
2025;2;Febrero;Syria;3.090.156;$ 7.107.358;$ 2,30
2025;2;Febrero;USA;79.235;$ 182.240;$ 2,30
2025;3;Marzo;Chile;554.643;$ 1.275.680;$ 2,30
2025;3;Marzo;Lebanon;39.617;$ 91.120;$ 2,30
2025;3;Marzo;Others;0;$ 0;$ 2,30
2025;3;Marzo;Spain;198.087;$ 455.600;$ 2,30
2025;3;Marzo;Syria;3.090.156;$ 7.107.358;$ 2,30
2025;3;Marzo;USA;79.235;$ 182.240;$ 2,30
2025;4;Abril;Chile;493.016;$ 1.133.937;$ 2,30
2025;4;Abril;Lebanon;35.215;$ 80.996;$ 2,30
2025;4;Abril;Others;0;$ 0;$ 2,30
2025;4;Abril;Spain;176.077;$ 404.978;$ 2,30
2025;4;Abril;Syria;2.746.805;$ 6.317.652;$ 2,30
2025;4;Abril;USA;70.431;$ 161.991;$ 2,30
2025;5;Mayo;Chile;554.643;$ 1.275.680;$ 2,30
2025;5;Mayo;Lebanon;39.617;$ 91.120;$ 2,30
2025;5;Mayo;Others;0;$ 0;$ 2,30
2025;5;Mayo;Spain;198.087;$ 455.600;$ 2,30
2025;5;Mayo;Syria;3.090.156;$ 7.107.358;$ 2,30
2025;5;Mayo;USA;79.235;$ 182.240;$ 2,30
2025;6;Junio;Chile;493.016;$ 1.133.937;$ 2,30
2025;6;Junio;Lebanon;35.215;$ 80.996;$ 2,30
2025;6;Junio;Others;0;$ 0;$ 2,30
2025;6;Junio;Spain;176.077;$ 404.978;$ 2,30
2025;6;Junio;Syria;2.746.805;$ 6.317.652;$ 2,30
2025;6;Junio;USA;70.431;$ 161.991;$ 2,30
2025;7;Julio;Chile;493.016;$ 1.133.937;$ 2,30
2025;7;Julio;Lebanon;35.215;$ 80.996;$ 2,30
2025;7;Julio;Others;0;$ 0;$ 2,30
2025;7;Julio;Spain;176.077;$ 404.978;$ 2,30
2025;7;Julio;Syria;2.746.805;$ 6.317.652;$ 2,30
2025;7;Julio;USA;70.431;$ 161.991;$ 2,30
2025;8;Agosto;Chile;554.643;$ 1.275.680;$ 2,30
2025;8;Agosto;Lebanon;39.617;$ 91.120;$ 2,30
2025;8;Agosto;Others;0;$ 0;$ 2,30
2025;8;Agosto;Spain;198.087;$ 455.600;$ 2,30
2025;8;Agosto;Syria;3.090.156;$ 7.107.358;$ 2,30
2025;8;Agosto;USA;79.235;$ 182.240;$ 2,30
2025;9;Septiembre;Chile;493.016;$ 1.133.937;$ 2,30
2025;9;Septiembre;Lebanon;35.215;$ 80.996;$ 2,30
2025;9;Septiembre;Others;0;$ 0;$ 2,30
2025;9;Septiembre;Spain;176.077;$ 404.978;$ 2,30
2025;9;Septiembre;Syria;2.746.805;$ 6.317.652;$ 2,30
2025;9;Septiembre;USA;70.431;$ 161.991;$ 2,30
2025;10;Octubre;Chile;431.389;$ 992.195;$ 2,30
2025;10;Octubre;Lebanon;30.814;$ 70.871;$ 2,30
2025;10;Octubre;Others;0;$ 0;$ 2,30
2025;10;Octubre;Spain;154.068;$ 354.355;$ 2,30
2025;10;Octubre;Syria;2.403.455;$ 5.527.945;$ 2,30
2025;10;Octubre;USA;61.627;$ 141.742;$ 2,30
2025;11;Noviembre;Chile;554.643;$ 1.275.680;$ 2,30
2025;11;Noviembre;Lebanon;39.617;$ 91.120;$ 2,30
2025;11;Noviembre;Others;0;$ 0;$ 2,30
2025;11;Noviembre;Spain;198.087;$ 455.600;$ 2,30
2025;11;Noviembre;Syria;3.090.156;$ 7.107.358;$ 2,30
2025;11;Noviembre;USA;79.235;$ 182.240;$ 2,30
2025;12;Diciembre;Chile;493.016;$ 1.133.937;$ 2,30
2025;12;Diciembre;Lebanon;35.215;$ 80.996;$ 2,30
2025;12;Diciembre;Others;0;$ 0;$ 2,30
2025;12;Diciembre;Spain;176.077;$ 404.978;$ 2,30
2025;12;Diciembre;Syria;2.746.805;$ 6.317.652;$ 2,30
2025;12;Diciembre;USA;70.431;$ 161.991;$ 2,30
